{
  "device": "cuda",
  "model_variant": {
    "name": "mlp_64_32_d0p1",
    "hidden_dims": [
      64,
      32
    ],
    "dropout": 0.1
  },
  "epochs": 50,
  "reference_f1": 0.7272952853598015,
  "num_ok_runs": 36,
  "num_failed_runs": 0,
  "best_config": {
    "experiment_id": "dp_mlp_bs_256_clip_3p0_noise_0p5_seed_42",
    "seed": 42,
    "model_name": "dp_sgd_mlp",
    "model_variant": "mlp_64_32_d0p1",
    "is_dp": true,
    "dataset": "uci_adult",
    "train_size": 30162,
    "test_size": 15060,
    "input_dim": 104,
    "epochs": 50,
    "batch_size": 256,
    "learning_rate": 0.05,
    "optimizer": "sgd",
    "momentum": 0.9,
    "noise_multiplier": 0.5,
    "max_grad_norm": 3.0,
    "hidden_dims": "64-32",
    "dropout": 0.1,
    "delta": 1e-05,
    "epsilon": 26.76643516511681,
    "accuracy": 0.8528552456839309,
    "precision": 0.7361553150859326,
    "recall": 0.6251351351351352,
    "f1_score": 0.676118094124525,
    "confusion_matrix": [
      [
        10531,
        829
      ],
      [
        1387,
        2313
      ]
    ],
    "roc_auc": 0.9075949276741531,
    "pr_auc": 0.7778039963316024,
    "training_time": 60.34618282318115,
    "notes": "DP-SGD with Opacus PrivacyEngine",
    "status": "ok",
    "device": "cuda",
    "reference_f1": 0.7272952853598015,
    "f1_drop_vs_reference": 0.05117719123527653
  },
  "worst_config": {
    "experiment_id": "dp_mlp_bs_256_clip_3p0_noise_10p0_seed_42",
    "seed": 42,
    "model_name": "dp_sgd_mlp",
    "model_variant": "mlp_64_32_d0p1",
    "is_dp": true,
    "dataset": "uci_adult",
    "train_size": 30162,
    "test_size": 15060,
    "input_dim": 104,
    "epochs": 50,
    "batch_size": 256,
    "learning_rate": 0.05,
    "optimizer": "sgd",
    "momentum": 0.9,
    "noise_multiplier": 10.0,
    "max_grad_norm": 3.0,
    "hidden_dims": "64-32",
    "dropout": 0.1,
    "delta": 1e-05,
    "epsilon": 0.2245074727585028,
    "accuracy": 0.698605577689243,
    "precision": 0.3217169570760731,
    "recall": 0.2045945945945946,
    "f1_score": 0.2501239055014043,
    "confusion_matrix": [
      [
        9764,
        1596
      ],
      [
        2943,
        757
      ]
    ],
    "roc_auc": 0.6459745313094786,
    "pr_auc": 0.3236564770569397,
    "training_time": 47.33572554588318,
    "notes": "DP-SGD with Opacus PrivacyEngine",
    "status": "ok",
    "device": "cuda",
    "reference_f1": 0.7272952853598015,
    "f1_drop_vs_reference": 0.4771713798583972
  },
  "noise_values": [
    0.5,
    1.0,
    2.0,
    3.0,
    5.0,
    8.0,
    10.0,
    15.0,
    20.0
  ],
  "clip_values": [
    0.5,
    1.0,
    2.0,
    3.0
  ]
}