{
  "model_name": "hgb_fe_lr0.03",
  "threshold": 0.33999999999999997,
  "validation_f1_at_threshold": 0.7271601114896252,
  "default_accuracy": 0.8688579017264276,
  "default_precision": 0.7714825306893296,
  "default_recall": 0.6624324324324324,
  "default_f1_score": 0.7128108186709321,
  "accuracy": 0.854050464807437,
  "precision": 0.6722477064220184,
  "recall": 0.7921621621621622,
  "f1_score": 0.7272952853598015,
  "roc_auc": 0.9259393795203653,
  "pr_auc": 0.8278015656985072,
  "confusion_matrix": [
    [
      9931,
      1429
    ],
    [
      769,
      2931
    ]
  ],
  "validation_training_time": 13.415429592132568,
  "full_training_time": 14.870913028717041,
  "threshold_source": "train_validation_split",
  "features": "numeric_scaling_onehot_bins_interactions",
  "status": "ok"
}