{
  "seed": 42,
  "model_name": "mlp_tuned_non_dp",
  "is_dp": false,
  "hidden_dims": "128-64",
  "dropout": 0.1,
  "optimizer": "sgd",
  "learning_rate": 0.03,
  "batch_size": 256,
  "epochs": 40,
  "class_weight": "mild",
  "epsilon": null,
  "accuracy": 0.8437583001328022,
  "precision": 0.6676624346527259,
  "recall": 0.7248648648648649,
  "f1_score": 0.6950887650641441,
  "confusion_matrix": [
    [
      10025,
      1335
    ],
    [
      1018,
      2682
    ]
  ],
  "roc_auc": 0.9101305077084125,
  "pr_auc": 0.7843328069942457,
  "training_time": 24.760210514068604,
  "device": "cuda",
  "status": "ok"
}