{
  "model_name": "hgb_full_train_lr0.08_leaf15_l20.01",
  "threshold": 0.38,
  "default_accuracy": 0.8708499335989376,
  "default_f1_score": 0.7153519683887019,
  "accuracy": 0.8585657370517928,
  "precision": 0.6925907752698724,
  "recall": 0.762972972972973,
  "f1_score": 0.7260802469135802,
  "roc_auc": 0.9266218714312904,
  "pr_auc": 0.828808257452424,
  "confusion_matrix": [
    [
      10107,
      1253
    ],
    [
      877,
      2823
    ]
  ],
  "training_time": 1.569169282913208,
  "status": "ok"
}