{
  "device": "cuda",
  "reference_f1": 0.7272952853598015,
  "num_ok_runs": 144,
  "num_failed_runs": 0,
  "best_config": {
    "experiment_id": "dp_mlp_bs_256_clip_1p0_noise_0p5_seed_42",
    "seed": 42,
    "model_name": "dp_sgd_mlp",
    "model_variant": "mlp_64_32_d0p1",
    "is_dp": true,
    "dataset": "uci_adult",
    "train_size": 30162,
    "test_size": 15060,
    "input_dim": 104,
    "epochs": 20,
    "batch_size": 256,
    "learning_rate": 0.05,
    "optimizer": "sgd",
    "momentum": 0.9,
    "noise_multiplier": 0.5,
    "max_grad_norm": 1.0,
    "hidden_dims": "64-32",
    "dropout": 0.1,
    "delta": 1e-05,
    "epsilon": 16.866018589908,
    "accuracy": 0.852921646746348,
    "precision": 0.7366911061523749,
    "recall": 0.6245945945945945,
    "f1_score": 0.6760274974403978,
    "confusion_matrix": [
      [
        10534,
        826
      ],
      [
        1389,
        2311
      ]
    ],
    "roc_auc": 0.9080246597830225,
    "pr_auc": 0.7775866149849268,
    "training_time": 22.8613064289093,
    "notes": "DP-SGD with Opacus PrivacyEngine",
    "status": "ok",
    "device": "cuda",
    "reference_f1": 0.7272952853598015,
    "f1_drop_vs_reference": 0.05126778791940367
  },
  "worst_config": {
    "experiment_id": "dp_mlp_bs_256_clip_3p0_noise_15p0_seed_42",
    "seed": 42,
    "model_name": "dp_sgd_mlp",
    "model_variant": "mlp_64_32_d0p1",
    "is_dp": true,
    "dataset": "uci_adult",
    "train_size": 30162,
    "test_size": 15060,
    "input_dim": 104,
    "epochs": 20,
    "batch_size": 256,
    "learning_rate": 0.05,
    "optimizer": "sgd",
    "momentum": 0.9,
    "noise_multiplier": 15.0,
    "max_grad_norm": 3.0,
    "hidden_dims": "64-32",
    "dropout": 0.1,
    "delta": 1e-05,
    "epsilon": 0.09337180497213095,
    "accuracy": 0.7365205843293493,
    "precision": 0.41241830065359475,
    "recall": 0.17054054054054055,
    "f1_score": 0.2413001912045889,
    "confusion_matrix": [
      [
        10461,
        899
      ],
      [
        3069,
        631
      ]
    ],
    "roc_auc": 0.6638085506280929,
    "pr_auc": 0.35048164958578354,
    "training_time": 23.211816549301147,
    "notes": "DP-SGD with Opacus PrivacyEngine",
    "status": "ok",
    "device": "cuda",
    "reference_f1": 0.7272952853598015,
    "f1_drop_vs_reference": 0.4859950941552126
  },
  "model_variants": [
    {
      "name": "mlp_64_32_d0p1",
      "hidden_dims": [
        64,
        32
      ],
      "dropout": 0.1
    },
    {
      "name": "mlp_128_64_d0p1",
      "hidden_dims": [
        128,
        64
      ],
      "dropout": 0.1
    },
    {
      "name": "mlp_128_64_d0p0",
      "hidden_dims": [
        128,
        64
      ],
      "dropout": 0.0
    },
    {
      "name": "mlp_256_128_d0p1",
      "hidden_dims": [
        256,
        128
      ],
      "dropout": 0.1
    }
  ],
  "noise_values": [
    0.5,
    1.0,
    2.0,
    3.0,
    5.0,
    8.0,
    10.0,
    15.0,
    20.0
  ],
  "clip_values": [
    0.5,
    1.0,
    2.0,
    3.0
  ]
}