{
  "device": "cuda",
  "baseline_f1": 0.6950887650641441,
  "num_ok_runs": 36,
  "best_config": {
    "experiment_id": "dp_mlp_bs_256_clip_3p0_noise_0p5_seed_42",
    "seed": 42,
    "model_name": "dp_sgd_mlp",
    "is_dp": true,
    "dataset": "uci_adult",
    "train_size": 30162,
    "test_size": 15060,
    "input_dim": 104,
    "epochs": 20,
    "batch_size": 256,
    "learning_rate": 0.05,
    "optimizer": "sgd",
    "momentum": 0.9,
    "noise_multiplier": 0.5,
    "max_grad_norm": 3.0,
    "delta": 1e-05,
    "epsilon": 16.866018589908,
    "accuracy": 0.853253652058433,
    "precision": 0.7542662116040956,
    "recall": 0.5972972972972973,
    "f1_score": 0.6666666666666666,
    "confusion_matrix": "[[10640, 720], [1490, 2210]]",
    "roc_auc": 0.9072270294061668,
    "pr_auc": 0.7781514545834645,
    "training_time": 33.76325464248657,
    "notes": "DP-SGD with Opacus PrivacyEngine",
    "status": "ok",
    "device": "cuda",
    "baseline_f1": 0.6645075813337259,
    "f1_drop_vs_mlp_baseline": -0.0021590853329407,
    "reference_baseline_f1": 0.6950887650641441,
    "f1_drop_vs_reference_baseline": 0.028422098397477447
  },
  "worst_config": {
    "experiment_id": "dp_mlp_bs_256_clip_3p0_noise_5p0_seed_42",
    "seed": 42,
    "model_name": "dp_sgd_mlp",
    "is_dp": true,
    "dataset": "uci_adult",
    "train_size": 30162,
    "test_size": 15060,
    "input_dim": 104,
    "epochs": 20,
    "batch_size": 256,
    "learning_rate": 0.05,
    "optimizer": "sgd",
    "momentum": 0.9,
    "noise_multiplier": 5.0,
    "max_grad_norm": 3.0,
    "delta": 1e-05,
    "epsilon": 0.2908048389206701,
    "accuracy": 0.7849269588313413,
    "precision": 0.6148480318883907,
    "recall": 0.3335135135135135,
    "f1_score": 0.4324513755037673,
    "confusion_matrix": "[[10587, 773], [2466, 1234]]",
    "roc_auc": 0.8211293538256565,
    "pr_auc": 0.5624163024861423,
    "training_time": 31.441741466522217,
    "notes": "DP-SGD with Opacus PrivacyEngine",
    "status": "ok",
    "device": "cuda",
    "baseline_f1": 0.6645075813337259,
    "f1_drop_vs_mlp_baseline": 0.2320562058299586,
    "reference_baseline_f1": 0.6950887650641441,
    "f1_drop_vs_reference_baseline": 0.2626373895603768
  },
  "first_noise_with_best_f1_drop_at_least_0p05": 3.0,
  "noise_values": [
    0.5,
    1.0,
    2.0,
    3.0,
    5.0,
    8.0,
    10.0,
    15.0,
    20.0
  ],
  "clip_values": [
    0.5,
    1.0,
    2.0,
    3.0
  ]
}